id,name,phone,package,password,delay,expirationDate,timePassed,role
96969090,KUfN6Hk2,User-Password,==,KUfN6Hk2,Expiration,=null
96404757,mdJbbEes,User-Password,==,mdJbbEes,Expiration,=null
964047575,CFROZJV8,User-Password,==,CFROZJV8,Expiration,=null
9640475754,B3ixsRa5,User-Password,==,B3ixsRa5,Expiration,=null
96404757544,OFu7F0gO,User-Password,==,OFu7F0gO,Expiration,=null
964047575444,P4PYSUhk,User-Password,==,P4PYSUhk,Expiration,=null
+22996404757,KWUCYj7t,User-Password,==,KWUCYj7t,Expiration,=null
+22996404757f,7CmDqsGT,User-Password,==,7CmDqsGT,Expiration,=null
+22996404757d,4s65AX00,User-Password,==,4s65AX00,Expiration,=null
+22996404757a,6855sKcC,User-Password,==,6855sKcC,Expiration,=null
+22996404757q,O3PyPhUJ,User-Password,==,O3PyPhUJ,Expiration,=null
96404757t,JhQaiWXa,User-Password,==,JhQaiWXa,Expiration,=null
96404757t5,mVzkU8co,User-Password,==,mVzkU8co,Expiration,=null
